<zimlet name="org_open_sw_pgp" version="1.0" description="Provides basic PGP verification for signed emails">
        <summary>
                This Zimlet provides basic PGP signature verification for zimbra.
                In future revisions it may provide actual encryption and decryption, 
                but that is dependant on if I can find a good way to import PGP keys, 
                and keep them secure!
        </summary>

        <include>jquery.min.js</include>
        <include>openpgp.min.js</include>
        <include>templates/pgp.template.js</include>
        <include>zim.js</include>

        <includeCSS>zim.css</includeCSS>

        <resource>lookup.jsp</resource>
        <resource>pgp.gif</resource>

        <handlerObject>org_open_sw_pgp</handlerObject>
</zimlet>
