<zimlet name="org_open_sw_pgp" version="1.0" description="Provides basic PGP verification for signed emails">
        <summary>
                This Zimlet provides basic PGP signature verification for zimbra.
                In future revisions it may provide actual encryption and decryption, 
                but that is dependant on if I can find a good way to import PGP keys, 
                and keep them secure!
        </summary>

        <!--<include>jquery.min.js</include>-->
        <include>resources/openpgp.min.js</include>
        <include>resources/keyring.min.js</include>
        <include>resources/org_open_sw_pgp.js</include>
        <include>templates/pgp.template.js</include>

        <includeCSS>pgp-zimlet.css</includeCSS>

        <resource>lookup.jsp</resource>
        <resource>pgp.png</resource>
        <resource>pgp-keys.png</resource>
        <resource>pgp-close.png</resource>

        <handlerObject>org_open_sw_pgp</handlerObject>
</zimlet>
